{
  "gin": {
    "config": {
      "hidden_dim": 256,
      "num_layers": 5,
      "dropout": 0.2
    },
    "val_ap": 0.14487712453149254,
    "test_ap": 0.14918654197643494,
    "per_task_ap": [
      0.2880199632016437,
      0.18009714329595283,
      0.08559813017390877,
      0.08842425080561733,
      0.04387781265425067,
      0.24740259471885592,
      0.5165117706086907,
      0.08477730994833099,
      0.07629910442498482,
      0.08744951884944399,
      0.01772028024913014,
      0.1064223540994439,
      0.021936435705954115,
      0.04140053264068165,
      0.0836861679969528,
      0.15418254146146512,
      0.15777181089169165,
      0.045027560295301236,
      0.19618686465024338,
      0.11004065899081766,
      0.01743988704927358,
      0.11350653163632682,
      0.23525559412174776,
      0.15529280748657784,
      0.298666778861884,
      0.20081875733818624,
      0.4358329216859977,
      0.03914977268158703,
      0.012579742052613361,
      0.022948010885323413,
      0.3044925110538322,
      0.39494653537378704,
      0.006195538208935373,
      0.10255919213830107,
      0.002878879965421909,
      0.28990812031706686,
      0.2545205692628539,
      0.25255121559972565,
      0.038490415487416454,
      0.009289727598553458,
      0.03797170357929014,
      0.20497195223508885,
      0.2809368059365452,
      0.0727137056508967,
      0.0044690697257897954,
      0.0654222194897047,
      0.3930679495811569,
      0.31464428700729924,
      0.3060571457001023,
      0.1246214306968349,
      0.14957909465918934,
      0.17638703442576364,
      0.009204833050165862,
      0.0033179461210376417,
      0.005984085355533967,
      0.11783875253352127,
      0.02942302198041079,
      0.1975650916722637,
      0.14259407231113358,
      0.5468356908347912,
      0.17046569340573992,
      0.066888453528951,
      0.26000044776817793,
      0.22667975559461154,
      0.30528064543838285,
      0.2969121569208451,
      0.12502911766543146,
      0.01094268204681246,
      0.09793671771962331,
      0.04487597848621316,
      0.03640587669300395,
      0.00024157835852370928,
      0.04347709116795822,
      0.0681759492508204,
      0.05606752042577063,
      0.07372105566364068,
      0.01635762358304714,
      0.013622268345942566,
      0.019514167778603497,
      0.00080466095799469,
      0.1835587407405365,
      0.1177743683194399,
      0.11803625102755759,
      0.16267964874715815,
      0.05745859079586042,
      0.20752805556973994,
      0.07407967902530961,
      0.008637780149094096,
      0.05379791604858069,
      0.2411348009514302,
      0.023568046375325894,
      0.12925673107906396,
      0.5659774770675475,
      0.4728239424220206,
      0.15187919332171806,
      0.33092798948761615,
      0.14011945461619868,
      0.014478154453185142,
      0.04979121217930892,
      0.06027091790265863,
      0.053638936488843235,
      0.010267232930868366,
      0.01114622775331383,
      0.06184298367887461,
      0.033954510168916575,
      0.09868026771914948,
      0.0008366076183698259,
      0.011531902585359962,
      0.08384604496567034,
      0.47158636619288086,
      0.7824609012703696,
      0.5027818044109494,
      0.11534219646711526,
      0.6186195689183986,
      0.5917060342632018,
      0.11502348544383338,
      0.11678193702213191,
      0.049880951594633446,
      0.05524135083729817,
      0.25078969749032226,
      0.3150958693684878,
      0.19031840027547128,
      0.011647272246969419,
      0.026191208728472744,
      0.11086273262923169,
      0.10504620119189036,
      0.05062954065147661
    ],
    "per_task_ap_task_indices": [
      0,
      1,
      2,
      3,
      4,
      5,
      6,
      7,
      8,
      9,
      10,
      11,
      12,
      13,
      14,
      15,
      16,
      17,
      18,
      19,
      20,
      21,
      22,
      23,
      24,
      25,
      26,
      27,
      28,
      29,
      30,
      31,
      32,
      33,
      34,
      35,
      36,
      37,
      38,
      39,
      40,
      41,
      42,
      43,
      44,
      46,
      47,
      48,
      49,
      50,
      51,
      52,
      53,
      54,
      55,
      56,
      57,
      58,
      59,
      60,
      61,
      62,
      63,
      64,
      65,
      66,
      67,
      68,
      69,
      70,
      71,
      72,
      73,
      74,
      75,
      76,
      77,
      78,
      79,
      80,
      81,
      82,
      83,
      84,
      85,
      86,
      87,
      88,
      89,
      90,
      91,
      92,
      93,
      94,
      95,
      96,
      97,
      98,
      99,
      100,
      101,
      102,
      103,
      104,
      105,
      106,
      107,
      108,
      109,
      110,
      111,
      112,
      113,
      114,
      115,
      116,
      117,
      118,
      119,
      120,
      121,
      122,
      123,
      124,
      125,
      126,
      127
    ]
  },
  "gat": {
    "config": {
      "hidden_dim": 64,
      "num_layers": 3,
      "dropout": 0.2,
      "heads": 4
    },
    "val_ap": 0.1139788983167802,
    "test_ap": 0.11789729706992944,